<?xml version="1.0" encoding="UTF-8"?>
<project-private xmlns="http://www.netbeans.org/ns/project-private/1">
    <editor-bookmarks xmlns="http://www.netbeans.org/ns/editor-bookmarks/2" lastBookmarkId="0"/>
    <open-files xmlns="http://www.netbeans.org/ns/projectui-open-files/2">
        <group>
            <file>file:/E:/More%20Florest/src/Main/TelaEntradaAdm.java</file>
            <file>file:/E:/More%20Florest/src/Controller/TelaAlterarController.java</file>
            <file>file:/E:/More%20Florest/src/Main/TelaCadastro.java</file>
            <file>file:/E:/More%20Florest/src/Controller/TelaAlterarDenunciaController.java</file>
            <file>file:/E:/More%20Florest/src/DAO/DenunciaDAO.java</file>
            <file>file:/E:/More%20Florest/src/Controller/TelaTabelaDenunciaController.java</file>
            <file>file:/E:/More%20Florest/src/Main/TelaAlterarDenuncia.java</file>
            <file>file:/E:/More%20Florest/src/Main/TelaEntrada.java</file>
            <file>file:/E:/More%20Florest/src/Main/TelaPrincipal.java</file>
            <file>file:/E:/More%20Florest/src/Main/TelaTabelaDenunciaUser.java</file>
            <file>file:/E:/More%20Florest/src/Model/Denuncia.java</file>
            <file>file:/E:/More%20Florest/src/Controller/TelaTabelaDenunciaUserController.java</file>
            <file>file:/E:/More%20Florest/src/Main/TelaAlterar.java</file>
        </group>
    </open-files>
</project-private>
